title,price,sku,category,tag,weight
Antique Radio,£99.49/£79.99,ANTIQUERADIO,Category: Radios,None,None
Denim Shirt,£37.00/£29.00,None,Category: Shirts,None,None
Nikon MB-D17 Multi Battery Power Pack,£449.95,NIKON-BATTERY-MB-D17,Category: Accessories,Tag: Camera Battery,0.43 kg
Lowepro ProTactic 350 AW,£199.95,LOWEPRO-BAG-350,Category: Bags,Tag: Camera Bag,2 kg
Lowepro Pro Roller x300 AW,£499.95,LOWEPRO-BAG-X300,Category: Bags,Tag: Camera Bag,6.59 kg
Pink Blouse,£32.00,N/A,Category: Blouses,None,Pink
Antique Radio,£99.49/£79.99,ANTIQUERADIO,Category: Radios,None,None
Denim Shirt,£37.00/£29.00,None,Category: Shirts,None,None
Nikon MB-D17 Multi Battery Power Pack,£449.95,NIKON-BATTERY-MB-D17,Category: Accessories,Tag: Camera Battery,0.43 kg
Lowepro ProTactic 350 AW,£199.95,LOWEPRO-BAG-350,Category: Bags,Tag: Camera Bag,2 kg
Lowepro Pro Roller x300 AW,£499.95,LOWEPRO-BAG-X300,Category: Bags,Tag: Camera Bag,6.59 kg
Pink Blouse,£32.00,N/A,Category: Blouses,None,Pink
Antique Radio,£99.49/£79.99,ANTIQUERADIO,Category: Radios,None,None
Denim Shirt,£37.00/£29.00,None,Category: Shirts,None,None
Nikon MB-D17 Multi Battery Power Pack,£449.95,NIKON-BATTERY-MB-D17,Category: Accessories,Tag: Camera Battery,0.43 kg
Lowepro ProTactic 350 AW,£199.95,LOWEPRO-BAG-350,Category: Bags,Tag: Camera Bag,2 kg
Lowepro Pro Roller x300 AW,£499.95,LOWEPRO-BAG-X300,Category: Bags,Tag: Camera Bag,6.59 kg
Pink Blouse,£32.00,N/A,Category: Blouses,None,Pink
Antique Radio,£99.49/£79.99,ANTIQUERADIO,Category: Radios,None,None
Denim Shirt,£37.00/£29.00,None,Category: Shirts,None,None
Nikon MB-D17 Multi Battery Power Pack,£449.95,NIKON-BATTERY-MB-D17,Category: Accessories,Tag: Camera Battery,0.43 kg
Lowepro ProTactic 350 AW,£199.95,LOWEPRO-BAG-350,Category: Bags,Tag: Camera Bag,2 kg
Lowepro Pro Roller x300 AW,£499.95,LOWEPRO-BAG-X300,Category: Bags,Tag: Camera Bag,6.59 kg
Pink Blouse,£32.00,N/A,Category: Blouses,None,Pink
